<?xml version="1.0" encoding="UTF-8" standalone="yes"?>
<addon id="plugin.addon.smash_plugin" name="smash" version="0.0.2" provider-name="SMASH">
  <requires>
    <import addon="xbmc.python" version="2.1.0"/>
  </requires>
  <extension point="xbmc.python.pluginsource" library="addon.py">
    <provides>video</provides>
  </extension>
  <extension point="xbmc.addon.metadata">
    <summary lang="en_gb">Watch streams and vods from SMASH.</summary>
    <description lang="en_gb">Watch live Streams and On Demand content from SMASH</description>
    <disclaimer lang="en_gb"></disclaimer>
    <language></language>
    <platform>all</platform>
    <license>GPL2</license>
    <forum></forum>
    <website></website>
    <email>supersmashinggreat@gmail.com</email>
    <source></source>
    <news></news>
    <assets>
        <icon>icon.png</icon>
        <fanart>fanart.jpg</fanart>
        <screenshot></screenshot>
    </assets>
  </extension>
</addon>
